query	type	expected	status	level
-	load	ok	-
big	float	-	BadType
big	float	-	BadType	loose
big	float	-	BadType	strict
neg	float	-	BadType
edge	float	179769313486231570000000000000000000000000000000000000000000000000000000000000000000000000000000000000000000000000000000000000000000000000000000000000000000000000000000000000000000000000000000000000000000000000000000000000000000000000000000000000000000000000000000000000000000000000000000000000000000000000000	Good
small	float	0	Good
arr	float[]	-	BadType
money	float	-	BadType	loose
big	int	-	BadType	loose
